{"settings":{"nativeScrollbars":true,"nativeScrollbarsThin":true,"nativeScrollbarsLeft":false,"selWinScreenshots":false,"updateSidebarTitle":true,"markWindow":false,"markWindowPreface":"[Sidebery] ","ctxMenuNative":false,"ctxMenuRenderInact":true,"ctxMenuRenderIcons":true,"ctxMenuIgnoreContainers":"","navBarLayout":"hidden","navBarInline":true,"navBarSide":"left","hideAddBtn":false,"hideSettingsBtn":false,"navBtnCount":true,"hideEmptyPanels":true,"hideDiscardedTabPanels":false,"navActTabsPanelLeftClickAction":"none","navActBookmarksPanelLeftClickAction":"none","navTabsPanelMidClickAction":"discard","navBookmarksPanelMidClickAction":"none","navSwitchPanelsWheel":true,"subPanelRecentlyClosedBar":false,"subPanelBookmarks":false,"subPanelHistory":false,"groupLayout":"grid","containersSortByName":false,"skipEmptyPanels":false,"dndTabAct":true,"dndTabActDelay":750,"dndTabActMod":"none","dndExp":"pointer","dndExpDelay":750,"dndExpMod":"none","dndOutside":"win","dndActTabFromLink":true,"dndActSearchTab":true,"dndMoveTabs":false,"dndMoveBookmarks":false,"searchBarMode":"dynamic","searchPanelSwitch":"same_type","searchBookmarksShortcut":"","searchHistoryShortcut":"","warnOnMultiTabClose":"collapsed","activateLastTabOnPanelSwitching":true,"activateLastTabOnPanelSwitchingLoadedOnly":true,"switchPanelAfterSwitchingTab":"always","tabRmBtn":"hover","activateAfterClosing":"next","activateAfterClosingStayInPanel":false,"activateAfterClosingGlobal":false,"activateAfterClosingNoFolded":true,"activateAfterClosingNoDiscarded":true,"askNewBookmarkPlace":true,"tabsRmUndoNote":true,"tabsUnreadMark":false,"tabsUpdateMark":"all","tabsUpdateMarkFirst":true,"tabsReloadLimit":5,"tabsReloadLimitNotif":true,"showNewTabBtns":false,"newTabBarPosition":"after_tabs","tabsPanelSwitchActMove":false,"tabsPanelSwitchActMoveAuto":true,"tabsUrlInTooltip":"full","newTabCtxReopen":false,"tabWarmupOnHover":true,"tabSwitchDelay":0,"moveNewTabPin":"start","moveNewTabParent":"last_child","moveNewTabParentActPanel":false,"moveNewTab":"end","moveNewTabActivePin":"start","pinnedTabsPosition":"panel","pinnedTabsList":false,"pinnedAutoGroup":false,"pinnedNoUnload":false,"pinnedForcedDiscard":false,"tabsTree":false,"groupOnOpen":true,"tabsTreeLimit":"none","autoFoldTabs":false,"autoFoldTabsExcept":"none","autoExpandTabs":false,"autoExpandTabsOnNew":false,"rmChildTabs":"folded","tabsLvlDots":true,"discardFolded":false,"discardFoldedDelay":0,"discardFoldedDelayUnit":"sec","tabsTreeBookmarks":true,"treeRmOutdent":"branch","autoGroupOnClose":false,"autoGroupOnClose0Lvl":false,"autoGroupOnCloseMouseOnly":false,"ignoreFoldedParent":false,"showNewGroupConf":true,"sortGroupsFirst":true,"colorizeTabs":false,"colorizeTabsSrc":"container","colorizeTabsBranches":false,"colorizeTabsBranchesSrc":"url","inheritCustomColor":true,"previewTabs":false,"previewTabsMode":"i","previewTabsPageModeFallback":"w","previewTabsInlineHeight":70,"previewTabsPopupWidth":280,"previewTabsSide":"right","previewTabsDelay":500,"previewTabsFollowMouse":true,"previewTabsWinOffsetY":36,"previewTabsWinOffsetX":6,"previewTabsInPageOffsetY":0,"previewTabsInPageOffsetX":0,"previewTabsCropRight":0,"hideInact":false,"hideFoldedTabs":false,"hideFoldedParent":"none","nativeHighlight":false,"warnOnMultiBookmarkDelete":"collapsed","autoCloseBookmarks":false,"autoRemoveOther":false,"highlightOpenBookmarks":false,"activateOpenBookmarkTab":false,"showBookmarkLen":true,"bookmarksRmUndoNote":true,"loadBookmarksOnDemand":true,"pinOpenedBookmarksFolder":true,"oldBookmarksAfterSave":"ask","loadHistoryOnDemand":true,"fontSize":"m","animations":false,"animationSpeed":"norm","theme":"plain","density":"default","colorScheme":"ff","sidebarCSS":false,"groupCSS":false,"snapNotify":true,"snapExcludePrivate":false,"snapInterval":0,"snapIntervalUnit":"min","snapLimit":0,"snapLimitUnit":"snap","snapAutoExport":false,"snapAutoExportType":"json","snapAutoExportPath":"Sidebery/snapshot-%Y.%M.%D-%h.%m.%s","snapMdFullTree":false,"hScrollAction":"none","onePanelSwitchPerScroll":false,"wheelAccumulationX":true,"wheelAccumulationY":true,"navSwitchPanelsDelay":128,"scrollThroughTabs":"none","scrollThroughVisibleTabs":true,"scrollThroughTabsSkipDiscarded":true,"scrollThroughTabsExceptOverflow":true,"scrollThroughTabsCyclic":false,"scrollThroughTabsScrollArea":0,"autoMenuMultiSel":true,"multipleMiddleClose":false,"longClickDelay":500,"wheelThreshold":false,"wheelThresholdX":10,"wheelThresholdY":60,"tabDoubleClick":"none","tabsSecondClickActPrev":true,"tabsSecondClickActPrevPanelOnly":false,"shiftSelAct":true,"activateOnMouseUp":false,"tabLongLeftClick":"none","tabLongRightClick":"none","tabMiddleClick":"close","tabMiddleClickCtrl":"discard","tabMiddleClickShift":"duplicate","tabCloseMiddleClick":"close","tabsPanelLeftClickAction":"none","tabsPanelDoubleClickAction":"tab","tabsPanelRightClickAction":"menu","tabsPanelMiddleClickAction":"tab","newTabMiddleClickAction":"new_child","bookmarksLeftClickAction":"open_in_act","bookmarksLeftClickActivate":false,"bookmarksLeftClickPos":"default","bookmarksMidClickAction":"open_in_new","bookmarksMidClickActivate":false,"bookmarksMidClickRemove":false,"bookmarksMidClickPos":"default","historyLeftClickAction":"open_in_act","historyLeftClickActivate":false,"historyLeftClickPos":"default","historyMidClickAction":"open_in_new","historyMidClickActivate":false,"historyMidClickPos":"default","syncName":"","syncSaveSettings":false,"syncSaveCtxMenu":false,"syncSaveStyles":false,"syncSaveKeybindings":false,"selectActiveTabFirst":true},"sidebar":{"panels":{"KUtyp1Fd7fi7":{"type":2,"id":"KUtyp1Fd7fi7","name":"Tabs","color":"toolbar","iconSVG":"icon_tabs","iconIMGSrc":"","iconIMG":"","lockedPanel":false,"skipOnSwitching":false,"noEmpty":false,"newTabCtx":"none","dropTabCtx":"none","moveRules":[],"moveExcludedTo":-1,"bookmarksFolderId":-1,"newTabBtns":[],"srcPanelConfig":null}},"nav":["KUtyp1Fd7fi7","add_tp","sp-0","settings"]},"ver":"5.2.0"}